-- /* Предметные группы */
INSERT INTO PL_SUBJECT_GROUP
 (S_ID,SUPER_ID,SHORT_NAME,FULL_NAME,SORT_NUM) VALUES 
 (0,NULL,'Прочее','Предметы, не вошедшие в классификацию',999),
 (1,NULL,'Филология',NULL,1),
 (2,1,'Русский язык',NULL,1),
 (3,1,'Родной язык',NULL,2),
 (4,1,'Литература',NULL,3),
 (5,1,'Родная Литература',NULL,4),
 (6,NULL,'Иностранный язык',NULL,2),
 (46,6,'Английский язык',NULL,1),
 (7,6,'Второй ин. язык','Второй иностранный язык',2),
 (8,NULL,'Общественные науки',NULL,3),
 (32,8,'История',NULL,1),
 (9,32,'История России',NULL,1),
 (10,32,'Всеобщая история',NULL,2),
 (11,8,'Обществознание',NULL,2),
 (12,8,'География',NULL,3),
 (33,8,'Экономика',NULL,4),
 (34,8,'Право',NULL,5),
 (35,8,'Россия в мире',NULL,6),
 (13,NULL,'Математика и информатика',NULL,4), 
 (14,13,'Математика',NULL,1),
 (15,13,'Алгебра','Алгебра и начала анализа',2),
 (16,13,'Геометрия',NULL,3),
 (17,13,'Информатика','Информационные технологии',4),
 (18,NULL,'Основы РК и СЭ','Основы духовно-нравственной культуры народов России',5),
 (19,18,'Основы СЭ','Основы светской этики',1),
 (20,18,'Основы ПК','Основы православной культуры',2),
 (21,18,'Основы МРК','Основы мировых религиозных культур',3),
 (22,NULL,'Естествознание','Естественные науки',6),
 (23,22,'Физика',NULL,1),
 (24,22,'Биология',NULL,2),
 (25,22,'Химия',NULL,3),
 (36,22,'Природоведение',NULL,4),
 (26,NULL,'Искусство',NULL,7),
 (27,26,'ИЗО','Изобразительное искусство',1),
 (28,26,'Музыка',NULL,2),
 (45,NULL,'Технология',NULL,8),
 (29,NULL,'Физкультура и ОБЖ','Физическая культура и Основы безопасности жизнедеятельности',9),
 (30,29,'Физкультура','Физическая культура',1),
 (37,29,'Экология',NULL,2), 
 (31,29,'ОБЖ','Основы безопасности жизнедеятельности',3),
 (38,NULL,'Дополнительное образование',NULL,10),
 (39,38,'Художественное','Художественная направленность',1),
 (40,38,'Физкультурно-спортивное','Физкультурно-спортивная направленность',2),
 (41,38,'Социально-педагогическое','Социально-педагогическая направленность',3),
 (42,38,'Техническое','Техническая направленность',4),
 (43,38,'Естественно-научное','Естественно-научная направленность',5),
 (44,38,'Туристко-краеведческое','Туристко-краеведческая направленность',6);

-- /* Предметные области */
INSERT INTO PL_SUBJ_AREA (A_ID,AREA_NAME,SORT_NUM,SUBJECT_GROUP) VALUES 
 (1,'Филология',1,1),
 (2,'Математика',3,13),
 (3,'Иностранный язык',2,6),
 (4,'Обществознание',4,8),
 (5,'Естествознание',5,22),
 (6,'Искусство',6,26),
 (7,'Технология',7,45),
 (8,'Физическая культура',8,29);

-- /* предметы (по областям) */
INSERT INTO PL_SUBJECT 
(S_ID,AREA_ID,SORT_NUM,SHORT_NAME,FULL_NAME,SUB_GROUPS,SUBJECT_GROUP) VALUES 
(1,1,1,'Русский язык',NULL,1,2),
(2,2,2,'Алгебра','Алгебра и начала анализа',1,15),
(3,2,3,'Геометрия',NULL,1,16),
(4,1,2,'Литература',NULL,1,4),
(5,3,0,'Англ.яз.','Английский язык',2,46),
(6,4,0,'История',NULL,1,9),
(7,4,1,'Обществознание',NULL,1,11),
(8,4,2,'География',NULL,1,12),
(9,5,2,'Природоведение',NULL,1,36),
(10,5,5,'Биология',NULL,1,24),
(11,5,3,'Физика',NULL,1,23),
(12,2,1,'Математика',NULL,1,14),
(13,5,4,'Химия',NULL,1,25),
(14,6,0,'Искусство',NULL,1,26),
(15,7,0,'Технология',NULL,2,45),
(16,7,1,'ИКТ','Информатика и ИКТ',2,17),
(17,8,0,'ОБЖ','Основы безопасности жизнедеятельности',1,31),
(18,8,1,'Физкультура','Физическая культура',2,30),
(19,5,1,'Естествознание',NULL,1,22);


-- /* Предметы учебного плана: за основу взят базисный учебный план для общего среднего образования */
INSERT INTO PL_CYCLE (C_ID,GRADE_NUM,SUBJECT_ID) VALUES 
 (1,6,1), (3,6,4), (8,9,1), (9,8,1), (7,9,4), (12,8,4), (11,7,1), (10,7,4), (5,5,1), (6,5,4),
 (17,9,5), (16,6,5), (15,8,5), (14,5,5), (13,7,5), (21,9,6), (22,6,6), (20,8,6), (19,5,6),
 (18,7,6), (25,9,7), (26,8,7), (24,7,7), (23,6,7), (27,9,8), (28,8,8), (30,7,8), (29,6,8),
 (31,5,9), (38,7,10), (36,8,10), (33,9,10), (34,6,10), (32,7,11), (35,9,11), (37,8,11),
 (41,5,12), (39,8,12), (43,6,12), (42,9,12), (40,7,12), (45,8,13), (44,9,13), (50,5,14),
 (48,8,14), (46,6,14), (49,9,14), (47,7,14), (52,5,15), (51,6,15), (53,7,15), (54,8,15),
 (55,8,16), (56,9,16), (57,8,17), (61,5,18), (60,8,18), (59,6,18), (58,9,18), (62,7,18),
 (64,11,1), (74,10,4), (63,11,4), (73,10,5), (69,10,1), (68,11,5), (66,11,7), (67,10,12),
 (71,11,12), (70,10,6), (72,11,6), (65,10,7), (76,10,19), (78,11,19), (75,10,18), (77,11,18);
 