SET NAMES utf8;

-- for MySQL
/*!40101 USE RujelStatic */;


/* Наборы граничных значений */
/* USE_CLASS - имя класса Java для использования вместо набора; BS_ID - №п/п */
/* EXCLUDE_MIN - использовать строгое > , а не >=; BSET_NAME - имя набора; */
/* ZERO_VALUE - значение, которое используется при величинах меньше минимального граничного */
/* FORMAT_STRING - строка, в которую включается граничное значение. По принципу java.util.Formatter */
/* VALUE_TYPE - тип значения: 0-текст, 1-цвет, 2-изображение, 3-код HTML */
INSERT INTO CR_BORDER_SET (BS_ID, BSET_NAME, ZERO_VALUE, EXCLUDE_MIN,VALUE_TYPE) VALUES 
 (1,'~','&oslash;',0,0),
 (2,'/5','н/а',0,0),
 (3,'color','#ffffff',0,1);
 
/* Граничные значения для наборов */
/* B_ID - №п/п; B_SET - №набора; LEAST_VALUE - граничная величина; B_TITLE - возвращаемое значение */
INSERT INTO CR_BORDER (B_ID,B_SET,LEAST_VALUE,B_TITLE) VALUES 
 (1,1,'0.01','-'),
 (2,1,'50.00','~'),
 (3,1,'70.00','+'),
 (4,2,'0.01','2'),
 (5,2,'50.00','3'),
 (6,2,'70.00','4'),
 (7,2,'90.00','5'),
 (8,3,'0.01','#ff6666'),
 (9,3,'50.00','#ffff33'),
 (10,3,'70.00','#99ff66');
 
 /* типы работ */
INSERT INTO CR_WORK_TYPE 
(WT_ID,SORT_NUM,TYPE_NAME,DFLT_FLAGS,DFLT_WEIGHT,COLOR_NOWEIGHT,COLOR_WEIGHT,USE_COUNT) VALUES 
(0,0,'классная',4,1.0,'#ffcc66','#ff9966',0),
(1,1,'домашняя',20,1.0,'#ccffcc','#99ff66',0),
(2,2,'проектная',8,1.0,'#ff99ff','#ff99ff',0),
(3,3,'дополнительная',2,1.0,'#ccffff','#ccffff',0);

 
/* Каникулы и праздники */
INSERT INTO PL_HOLIDAY_TYPE (HT_ID, HOLIDAY_NAME, BEGIN_MONTH, BEGIN_DAY, END_MONTH, END_DAY) VALUES
(1,'Осенние каникулы',10,1,10,7),
(2,'Зимние каникулы',11,29,12,10),
(3,'Весенние каникулы',14,22,14,28),
(4,'День народного единства',10,4,10,4),
(5,'День защитника отечества',13,23,13,23),
(6,'Международный женский день',14,8,14,8),
(7,'День весны и труда',16,1,16,1),
(8,'День Победы',16,9,16,9),
(9,'День России',17,12,17,12);
 
/* Предметные области */
INSERT INTO PL_SUBJ_AREA (A_ID,AREA_NAME,SORT_NUM) VALUES 
 (1,'Филология',1),
 (2,'Математика',3),
 (3,'Иностранный язык',2),
 (4,'Обществознание',4),
 (5,'Естествознание',5),
 (6,'Искусство',6),
 (7,'Технология',7),
 (8,'Физическая культура',8);


/* предметы (по областям) */
INSERT INTO PL_SUBJECT (S_ID,AREA_ID,SORT_NUM,SHORT_NAME,FULL_NAME,SUB_GROUPS,NORMAL_GROUP) VALUES 
 (1,1,1,'Русский язык',NULL,1,0),
 (2,2,2,'Алгебра','Алгебра и начала анализа',0,0),
 (3,2,3,'Геометрия',NULL,0,0),
 (4,1,2,'Литература',NULL,1,0),
 (5,3,0,'Англ.яз.','Английский язык',2,0),
 (6,4,0,'История',NULL,1,0),
 (7,4,1,'Общ-знание','Обществознание',1,0),
 (8,4,2,'География','География',1,0),
 (9,5,2,'Природ.','Природоведение',1,0),
 (10,5,5,'Биология','Биология',1,0),
 (11,5,3,'Физика',NULL,1,0),
 (12,2,1,'Математика',NULL,1,0),
 (13,5,4,'Химия',NULL,1,0),
 (14,6,0,'Искусство',NULL,1,0),
 (15,7,0,'Технология',NULL,2,0),
 (16,7,1,'ИКТ','Информатика и ИКТ',2,0),
 (17,8,0,'ОБЖ','Основы безопасности жизнедеятельности',1,0),
 (18,8,1,'Физкультура','Физическая культура',2,0),
 (19,5,1,'Ест-знание','Естествознание',1,0);


/* за основу взят базисный учебный план для общего среднего образования */
INSERT INTO PL_CYCLE (C_ID,GRADE_NUM,SUBJECT_ID,WEEKLY_HOURS) VALUES 
 (1,6,1,7),
 (3,6,4,2),
 (8,9,1,2),
 (9,8,1,3),
 (7,9,4,3),
 (12,8,4,2),
 (11,7,1,4),
 (10,7,4,2),
 (5,5,1,7),
 (6,5,4,2),
 (17,9,5,3),
 (16,6,5,3),
 (15,8,5,3),
 (14,5,5,3),
 (13,7,5,3),
 (21,9,6,2),
 (22,6,6,2),
 (20,8,6,2),
 (19,5,6,2),
 (18,7,6,2),
 (25,9,7,1),
 (26,8,7,1),
 (24,7,7,1),
 (23,6,7,1),
 (27,9,8,2),
 (28,8,8,2),
 (30,7,8,2),
 (29,6,8,1),
 (31,5,9,2),
 (38,7,10,2),
 (36,8,10,2),
 (33,9,10,2),
 (34,6,10,1),
 (32,7,11,2),
 (35,9,11,2),
 (37,8,11,2),
 (41,5,12,5),
 (39,8,12,5),
 (43,6,12,5),
 (42,9,12,5),
 (40,7,12,5),
 (45,8,13,2),
 (44,9,13,2),
 (50,5,14,2),
 (48,8,14,1),
 (46,6,14,2),
 (49,9,14,1),
 (47,7,14,2),
 (52,5,15,2),
 (51,6,15,2),
 (53,7,15,2),
 (54,8,15,1),
 (55,8,16,1),
 (56,9,16,2),
 (57,8,17,1),
 (61,5,18,2),
 (60,8,18,2),
 (59,6,18,2),
 (58,9,18,2),
 (62,7,18,2),
 (64,11,1,1),
 (74,10,4,3),
 (63,11,4,3),
 (73,10,5,3),
 (69,10,1,1),
 (68,11,5,3),
 (66,11,7,2),
 (67,10,12,4),
 (71,11,12,4),
 (70,10,6,2),
 (72,11,6,2),
 (65,10,7,2),
 (76,10,19,3),
 (78,11,19,3),
 (75,10,18,2),
 (77,11,18,2);
 
 /* установить свой номер школы. такой же, как в Rujel.plist */
 update PL_CYCLE set SCHOOL_NUM = 0;
